hf2w4rbeott30r,6
hqa11txbf0c49n,86
hlyc1r21m665cy,15
genw27ox2Uh,18
i0db58vdov288,252
gx9kub2swkv2ul,19
hm13zmx9eif39s,13
h0k2kzw5i637ph,11
h7l4aicqcau31n,13
gj2qv2b4JVF,14
hlygva551fz5wg,23
hc9rwsd96wc3sa,33
hlxyutnlfgp2f2,20
h9hx6yg1cm34mb,13
hm0ur13if51uj,0
hflmvo4epzi5bl,30
h7mx61shyzz4wn,9
i0epsg5sphz14n,23
gu5852tz9yk3j6,89
i0hbtij8tzr9s,11
hqpz0e5whm76uc,31
hlxx5l3v4x75qb,13
i0gtue6lxug2v5,42
h7wjuz2996n4w0,14
h7kq53z2l1520h,11
hq621wxzvvy3hw,21
gm6jh9tpz0g,12
hqfq5rfcpz04ls,17
hfaetyjq2of71k,28
h7moc1kaunv31h,8
hlzhmy6yg3k2v5,43
hq1n9mapjea4xw,21
hbom59j9jwg32y,21
hf04mb3loor2cv,19
h7ifksmfrs1cd,16
gxcwwi9oo011p,26
gx8hqo4twiy6qw,18
i0b67jh51g31mj,53
gx8ijxirqgy3ln,63
gx9xxd2w3ip2m4,28
hq4yn0akyvx6aa,25
h7mwsvk8zhb5ug,15
gpeh0b4h8IG,21
